<?xml version="1.0" encoding="UTF-8"?>
<config xmlns="http://www.knime.org/2008/09/XMLConfig" xmlns:xsi="http://www.w3.org/2001/XMLSchema-instance" xsi:schemaLocation="http://www.knime.org/2008/09/XMLConfig http://www.knime.org/XMLConfig_2008_09.xsd" key="model.xml">
<entry key="version" type="xint" value="1"/>
<entry key="class_name" type="xstring" value="org.knime.twitter.api.data.TwitterApiConnectionPortObjectSpec"/>
<config key="model">
<entry key="consumerKey" type="xstring" value="Rzx1VKX34XX8PGgO8uMjJwEql"/>
<entry key="consumerSecret" type="xstring" value="BXaR1UOvUqB6YoH3XFPrgmOdqJH3AwLUw3uoJGvoaDWsdbgwpG"/>
<entry key="accessToken" type="xstring" value="175810034-Hjdxk3yhpaDnNYSIbhf9c3OSW6pw8J8nXQ0ahBtz"/>
<entry key="accessTokenSecret" type="xstring" value="DlEBThKlkAxjnY3hLj9J1L8NMVf5lU3rq0KCq6SoQkkpu"/>
</config>
</config>
