<?xml version="1.0" encoding="UTF-8"?>
<config xmlns="http://www.knime.org/2008/09/XMLConfig" xmlns:xsi="http://www.w3.org/2001/XMLSchema-instance" xsi:schemaLocation="http://www.knime.org/2008/09/XMLConfig http://www.knime.org/XMLConfig_2008_09.xsd" key="NetworkSpec.xml">
<config key="metaData">
<entry key="netID" type="xstring" value="Wikipedia:Text of the GNU Free Documentation License"/>
<entry key="netURI" type="xstring" value="Wikipedia:Text of the GNU Free Documentation License"/>
<entry key="netUUID" type="xstring" value="ca1948e3-7ac3-48d2-b6b1-7c1442d3f164"/>
<entry key="noOfNodes" type="xlong" value="1"/>
<entry key="noOfEdges" type="xlong" value="0"/>
<config key="features">
<entry key="count" type="xint" value="3"/>
<config key="Feature_0">
<entry key="name" type="xstring" value="knime_uri"/>
<entry key="type" type="xstring" value="string"/>
</config>
<config key="Feature_1">
<entry key="name" type="xstring" value="knime_uid"/>
<entry key="type" type="xstring" value="string"/>
</config>
<config key="Feature_2">
<entry key="name" type="xstring" value="knime_uuid"/>
<entry key="type" type="xstring" value="string"/>
</config>
</config>
<config key="partitions">
<entry key="count" type="xint" value="1"/>
<config key="Partition_0">
<entry key="name" type="xstring" value="IT"/>
<entry key="type" type="xstring" value="NODE"/>
</config>
</config>
</config>
</config>
