<?xml version="1.0" encoding="UTF-8"?>
<config xmlns="http://www.knime.org/2008/09/XMLConfig" xmlns:xsi="http://www.w3.org/2001/XMLSchema-instance" xsi:schemaLocation="http://www.knime.org/2008/09/XMLConfig http://www.knime.org/XMLConfig_2008_09.xsd" key="model.xml">
<entry key="version" type="xint" value="1"/>
<entry key="class_name" type="xstring" value="org.knime.twitter.api.data.TwitterApiConnectionPortObjectSpec"/>
<config key="model">
<entry key="consumerKey" type="xstring" value="bWePF2CNfEeWrYJE2PYqCRAie"/>
<entry key="consumerSecret" type="xstring" value="QAztbCppM9DWMxrIKtqJJBqMaFXZ5Ls9ZNhuBf1qTXEYHzeFRP"/>
<entry key="accessToken" type="xstring" value="45660717-FfMWb3K6JMRmlKKMJQo4jHuzJe7kepYPeezyNipFL"/>
<entry key="accessTokenSecret" type="xstring" value="gs3JDJZSy1Aw5CEzwC9AnaHx3UcGD0VleZkelyp2Gf6LB"/>
</config>
</config>
