<?xml version="1.0" encoding="UTF-8"?>
<config xmlns="http://www.knime.org/2008/09/XMLConfig" xmlns:xsi="http://www.w3.org/2001/XMLSchema-instance" xsi:schemaLocation="http://www.knime.org/2008/09/XMLConfig http://www.knime.org/XMLConfig_2008_09.xsd" key="Table Meta Information">
<config key="table.meta.internal">
<entry key="container.version" type="xstring" value="container_8"/>
<entry key="table.size" type="xint" value="20"/>
<entry key="container.compression" type="xstring" value="Gzip"/>
<entry key="container.contains.blobs" type="xboolean" value="false"/>
<entry key="container.filestores.uuid" type="xstring" value="6a871287-5dbe-414f-ad7f-24a5c7fa6ff0"/>
<entry key="container.inmemory" type="xboolean" value="false"/>
<entry key="container.id" type="xint" value="-1"/>
<config key="table.datacell.classes">
<config key="element_0">
<entry key="class" type="xstring" value="org.knime.ext.textprocessing.data.filestore.DocumentBufferedFileStoreCell"/>
</config>
<config key="element_1">
<entry key="class" type="xstring" value="org.knime.core.data.def.DoubleCell"/>
</config>
<config key="element_2">
<entry key="class" type="xstring" value="org.knime.distmatrix.type.DistanceVectorDataCell"/>
<config key="collection.element.type">
<entry key="cell_class" type="xstring" value="org.knime.core.data.def.DoubleCell"/>
</config>
</config>
</config>
</config>
</config>
