<?xml version="1.0" encoding="UTF-8"?>
<config xmlns="http://www.knime.org/2008/09/XMLConfig" xmlns:xsi="http://www.w3.org/2001/XMLSchema-instance" xsi:schemaLocation="http://www.knime.org/2008/09/XMLConfig http://www.knime.org/XMLConfig_2008_09.xsd" key="model.xml">
<entry key="version" type="xint" value="1"/>
<entry key="class_name" type="xstring" value="org.knime.twitter.api.data.TwitterApiConnectionPortObjectSpec"/>
<config key="model">
<entry key="consumerKey" type="xstring" value="i2IyGRPDHkJ3S2gyC5ztlTwtN"/>
<entry key="consumerSecret" type="xstring" value="nEjGmf2OHJX0qQpJGov8g05tnxhwogPOp93A8rwacMovqxuXvv"/>
<entry key="accessToken" type="xstring" value="2322641544-piRTucS3P0v09F3z18o7yD8M9LLE2Z88AFs9FPs"/>
<entry key="accessTokenSecret" type="xstring" value="8o5k7gxPYLzPbysGWVyus7p6KFhdOxJuhXMkg3pun1Vtb"/>
</config>
</config>
