<?xml version="1.0" encoding="UTF-8"?>
<config xmlns="http://www.knime.org/2008/09/XMLConfig" xmlns:xsi="http://www.w3.org/2001/XMLSchema-instance" xsi:schemaLocation="http://www.knime.org/2008/09/XMLConfig http://www.knime.org/XMLConfig_2008_09.xsd" key="model.xml">
<entry key="version" type="xint" value="1"/>
<entry key="class_name" type="xstring" value="org.knime.twitter.api.data.TwitterApiConnectionPortObjectSpec"/>
<config key="model">
<entry key="consumerKey" type="xstring" value="RrFDMtiYkCqbhb3IPFleRTsNm"/>
<entry key="consumerSecret" type="xstring" value="wWdYH8uXAVV8NQYWkEMZE5FvFtAgLA2OtKUrM5Pdg3Ja1JvmGc"/>
<entry key="accessToken" type="xstring" value="24053778-bnUC0vs6nO45k72mvGjXSmJjVxhtwFrIKIvssS7wg"/>
<entry key="accessTokenSecret" type="xstring" value="tJflIEgWmjc7AOkuZJ5Z2w5RlTQcGVzVNJJ5tkL8o39fz"/>
</config>
</config>
