<?xml version="1.0" encoding="UTF-8"?>
<config xmlns="http://www.knime.org/2008/09/XMLConfig" xmlns:xsi="http://www.w3.org/2001/XMLSchema-instance" xsi:schemaLocation="http://www.knime.org/2008/09/XMLConfig http://www.knime.org/XMLConfig_2008_09.xsd" key="MiningSchema">
<config key="learning">
<entry key="array-size" type="xint" value="1076"/>
<entry key="0" type="xstring" value="endocrine-rel"/>
<entry key="1" type="xstring" value="cancer"/>
<entry key="2" type="xstring" value="autotaxin"/>
<entry key="3" type="xstring" value="inflammatori"/>
<entry key="4" type="xstring" value="mediat"/>
<entry key="5" type="xstring" value="therapeut"/>
<entry key="6" type="xstring" value="target"/>
<entry key="7" type="xstring" value="thyroid"/>
<entry key="8" type="xstring" value="secret"/>
<entry key="9" type="xstring" value="enzym"/>
<entry key="10" type="xstring" value="convert"/>
<entry key="11" type="xstring" value="extracellular"/>
<entry key="12" type="xstring" value="lysophosphatidylcholin"/>
<entry key="13" type="xstring" value="lysophosphatid"/>
<entry key="14" type="xstring" value="increas"/>
<entry key="15" type="xstring" value="tumour"/>
<entry key="16" type="xstring" value="growth"/>
<entry key="17" type="xstring" value="metastasi"/>
<entry key="18" type="xstring" value="chemoresist"/>
<entry key="19" type="xstring" value="activ"/>
<entry key="20" type="xstring" value="six"/>
<entry key="21" type="xstring" value="g-protein"/>
<entry key="22" type="xstring" value="coupl"/>
<entry key="23" type="xstring" value="receptor"/>
<entry key="24" type="xstring" value="examin"/>
<entry key="25" type="xstring" value="200"/>
<entry key="26" type="xstring" value="human"/>
<entry key="27" type="xstring" value="biopsi"/>
<entry key="28" type="xstring" value="express"/>
<entry key="29" type="xstring" value="metastat"/>
<entry key="30" type="xstring" value="deposit"/>
<entry key="31" type="xstring" value="primari"/>
<entry key="32" type="xstring" value="carcinoma"/>
<entry key="33" type="xstring" value="4-10-fold"/>
<entry key="34" type="xstring" value="benign"/>
<entry key="35" type="xstring" value="neoplasm"/>
<entry key="36" type="xstring" value="normal"/>
<entry key="37" type="xstring" value="tissu"/>
<entry key="38" type="xstring" value="immunohistochem"/>
<entry key="39" type="xstring" value="stain"/>
<entry key="40" type="xstring" value="leukocyt"/>
<entry key="41" type="xstring" value="infiltr"/>
<entry key="42" type="xstring" value="malign"/>
<entry key="43" type="xstring" value="distinguish"/>
<entry key="44" type="xstring" value="level"/>
<entry key="45" type="xstring" value="includ"/>
<entry key="46" type="xstring" value="il1β"/>
<entry key="47" type="xstring" value="il6"/>
<entry key="48" type="xstring" value="il8"/>
<entry key="49" type="xstring" value="gmcsf"/>
<entry key="50" type="xstring" value="tnfα"/>
<entry key="51" type="xstring" value="ccl2"/>
<entry key="52" type="xstring" value="cxcl10"/>
<entry key="53" type="xstring" value="pdgf-aa"/>
<entry key="54" type="xstring" value="determin"/>
<entry key="55" type="xstring" value="mechanist"/>
<entry key="56" type="xstring" value="explan"/>
<entry key="57" type="xstring" value="result"/>
<entry key="58" type="xstring" value="reveal"/>
<entry key="59" type="xstring" value="viciou"/>
<entry key="60" type="xstring" value="regulatori"/>
<entry key="61" type="xstring" value="cycl"/>
<entry key="62" type="xstring" value="modul"/>
<entry key="63" type="xstring" value="papillari"/>
<entry key="64" type="xstring" value="cultur"/>
<entry key="65" type="xstring" value="convers"/>
<entry key="66" type="xstring" value="treat"/>
<entry key="67" type="xstring" value="cell"/>
<entry key="68" type="xstring" value="cytokin"/>
<entry key="69" type="xstring" value="chemokin"/>
<entry key="70" type="xstring" value="pdgf-bb"/>
<entry key="71" type="xstring" value="confirm"/>
<entry key="72" type="xstring" value="autotaxininflammatori"/>
<entry key="73" type="xstring" value="occur"/>
<entry key="74" type="xstring" value="scid"/>
<entry key="75" type="xstring" value="mous"/>
<entry key="76" type="xstring" value="model"/>
<entry key="77" type="xstring" value="block"/>
<entry key="78" type="xstring" value="signal"/>
<entry key="79" type="xstring" value="us"/>
<entry key="80" type="xstring" value="inhibitor"/>
<entry key="81" type="xstring" value="ono-8430506"/>
<entry key="82" type="xstring" value="decreas"/>
<entry key="83" type="xstring" value="accompani"/>
<entry key="84" type="xstring" value="50-60"/>
<entry key="85" type="xstring" value="volum"/>
<entry key="86" type="xstring" value="mitot"/>
<entry key="87" type="xstring" value="index"/>
<entry key="88" type="xstring" value="vegf"/>
<entry key="89" type="xstring" value="angiogenesi"/>
<entry key="90" type="xstring" value="demonstr"/>
<entry key="91" type="xstring" value="focal"/>
<entry key="92" type="xstring" value="drive"/>
<entry key="93" type="xstring" value="progress"/>
<entry key="94" type="xstring" value="possibli"/>
<entry key="95" type="xstring" value="treatment"/>
<entry key="96" type="xstring" value="resist"/>
<entry key="97" type="xstring" value="inhibit"/>
<entry key="98" type="xstring" value="provid"/>
<entry key="99" type="xstring" value="effect"/>
<entry key="100" type="xstring" value="novel"/>
<entry key="101" type="xstring" value="strategi"/>
<entry key="102" type="xstring" value="phenotyp"/>
<entry key="103" type="xstring" value="complement"/>
<entry key="104" type="xstring" value="modal"/>
<entry key="105" type="xstring" value="molecular"/>
<entry key="106" type="xstring" value="medicin"/>
<entry key="107" type="xstring" value="report"/>
<entry key="108" type="xstring" value="cd14"/>
<entry key="109" type="xstring" value="knockdown"/>
<entry key="110" type="xstring" value="reduc"/>
<entry key="111" type="xstring" value="lipopolysaccharide-induc"/>
<entry key="112" type="xstring" value="viabil"/>
<entry key="113" type="xstring" value="inflammation-associ"/>
<entry key="114" type="xstring" value="gene"/>
<entry key="115" type="xstring" value="gastric"/>
<entry key="116" type="xstring" value="vitro"/>
<entry key="117" type="xstring" value="nude"/>
<entry key="118" type="xstring" value="xenograft"/>
<entry key="119" type="xstring" value="studi"/>
<entry key="120" type="xstring" value="role"/>
<entry key="121" type="xstring" value="regul"/>
<entry key="122" type="xstring" value="lipopolysaccharid"/>
<entry key="123" type="xstring" value="lps-induc"/>
<entry key="124" type="xstring" value="mgc‑803"/>
<entry key="125" type="xstring" value="stabli"/>
<entry key="126" type="xstring" value="transfect"/>
<entry key="127" type="xstring" value="short"/>
<entry key="128" type="xstring" value="hairpin"/>
<entry key="129" type="xstring" value="shrna"/>
<entry key="130" type="xstring" value="lp"/>
<entry key="131" type="xstring" value="follow"/>
<entry key="132" type="xstring" value="assess"/>
<entry key="133" type="xstring" value="prolifer"/>
<entry key="134" type="xstring" value="apoptosi"/>
<entry key="135" type="xstring" value="count"/>
<entry key="136" type="xstring" value="kit‑8"/>
<entry key="137" type="xstring" value="assai"/>
<entry key="138" type="xstring" value="flow"/>
<entry key="139" type="xstring" value="cytometri"/>
<entry key="140" type="xstring" value="revers"/>
<entry key="141" type="xstring" value="transcription‑polymeras"/>
<entry key="142" type="xstring" value="chain"/>
<entry key="143" type="xstring" value="reaction"/>
<entry key="144" type="xstring" value="western"/>
<entry key="145" type="xstring" value="blot"/>
<entry key="146" type="xstring" value="analysi"/>
<entry key="147" type="xstring" value="respect"/>
<entry key="148" type="xstring" value="subject"/>
<entry key="149" type="xstring" value="gml"/>
<entry key="150" type="xstring" value="inject"/>
<entry key="151" type="xstring" value="mice"/>
<entry key="152" type="xstring" value="form"/>
<entry key="153" type="xstring" value="tumor"/>
<entry key="154" type="xstring" value="shrna‑transfect"/>
<entry key="155" type="xstring" value="exhibit"/>
<entry key="156" type="xstring" value="signific"/>
<entry key="157" type="xstring" value="chang"/>
<entry key="158" type="xstring" value="compar"/>
<entry key="159" type="xstring" value="control"/>
<entry key="160" type="xstring" value="p005"/>
<entry key="161" type="xstring" value="markedli"/>
<entry key="162" type="xstring" value="wild‑typ"/>
<entry key="163" type="xstring" value="contrast"/>
<entry key="164" type="xstring" value="sh‑cd14"/>
<entry key="165" type="xstring" value="addit"/>
<entry key="166" type="xstring" value="significantli"/>
<entry key="167" type="xstring" value="rate"/>
<entry key="168" type="xstring" value="extent"/>
<entry key="169" type="xstring" value="remain"/>
<entry key="170" type="xstring" value="lower"/>
<entry key="171" type="xstring" value="necrosi"/>
<entry key="172" type="xstring" value="factor‑α"/>
<entry key="173" type="xstring" value="interleukin"/>
<entry key="174" type="xstring" value="il‑1"/>
<entry key="175" type="xstring" value="il‑6"/>
<entry key="176" type="xstring" value="il‑12"/>
<entry key="177" type="xstring" value="β‑defensin"/>
<entry key="178" type="xstring" value="experi"/>
<entry key="179" type="xstring" value="data"/>
<entry key="180" type="xstring" value="find"/>
<entry key="181" type="xstring" value="promot"/>
<entry key="182" type="xstring" value="respons"/>
<entry key="183" type="xstring" value="conclus"/>
<entry key="184" type="xstring" value="induc"/>
<entry key="185" type="xstring" value="releas"/>
<entry key="186" type="xstring" value="transduct"/>
<entry key="187" type="xstring" value="autophagi"/>
<entry key="188" type="xstring" value="cocain"/>
<entry key="189" type="xstring" value="microgli"/>
<entry key="190" type="xstring" value="involv"/>
<entry key="191" type="xstring" value="stress-autophagi"/>
<entry key="192" type="xstring" value="axi"/>
<entry key="193" type="xstring" value="abus"/>
<entry key="194" type="xstring" value="lead"/>
<entry key="195" type="xstring" value="neuroinflamm"/>
<entry key="196" type="xstring" value="contribut"/>
<entry key="197" type="xstring" value="pathogenesi"/>
<entry key="198" type="xstring" value="neurodegener"/>
<entry key="199" type="xstring" value="associ"/>
<entry key="200" type="xstring" value="advanc"/>
<entry key="201" type="xstring" value="hiv-1"/>
<entry key="202" type="xstring" value="infect"/>
<entry key="203" type="xstring" value="plai"/>
<entry key="204" type="xstring" value="innat"/>
<entry key="205" type="xstring" value="adapt"/>
<entry key="206" type="xstring" value="immun"/>
<entry key="207" type="xstring" value="function"/>
<entry key="208" type="xstring" value="link"/>
<entry key="209" type="xstring" value="explor"/>
<entry key="210" type="xstring" value="herein"/>
<entry key="211" type="xstring" value="exposur"/>
<entry key="212" type="xstring" value="bv-2"/>
<entry key="213" type="xstring" value="rat"/>
<entry key="214" type="xstring" value="dose"/>
<entry key="215" type="xstring" value="time-depend"/>
<entry key="216" type="xstring" value="induct"/>
<entry key="217" type="xstring" value="autophagy-signatur"/>
<entry key="218" type="xstring" value="protein"/>
<entry key="219" type="xstring" value="becn1beclin1"/>
<entry key="220" type="xstring" value="atg5"/>
<entry key="221" type="xstring" value="map1lc3b"/>
<entry key="222" type="xstring" value="valid"/>
<entry key="223" type="xstring" value="wherein"/>
<entry key="224" type="xstring" value="format"/>
<entry key="225" type="xstring" value="puncta"/>
<entry key="226" type="xstring" value="endogen"/>
<entry key="227" type="xstring" value="overexpress"/>
<entry key="228" type="xstring" value="gfp-map1lc3b"/>
<entry key="229" type="xstring" value="specif"/>
<entry key="230" type="xstring" value="cocaine-induc"/>
<entry key="231" type="xstring" value="3-ma"/>
<entry key="232" type="xstring" value="wortmannin"/>
<entry key="233" type="xstring" value="intriguingli"/>
<entry key="234" type="xstring" value="cocaine-medi"/>
<entry key="235" type="xstring" value="upstream"/>
<entry key="236" type="xstring" value="stress"/>
<entry key="237" type="xstring" value="pathwai"/>
<entry key="238" type="xstring" value="eif2ak3-"/>
<entry key="239" type="xstring" value="ern1-depend"/>
<entry key="240" type="xstring" value="evidenc"/>
<entry key="241" type="xstring" value="abil"/>
<entry key="242" type="xstring" value="salubrin"/>
<entry key="243" type="xstring" value="amelior"/>
<entry key="244" type="xstring" value="vivo"/>
<entry key="245" type="xstring" value="becn1"/>
<entry key="246" type="xstring" value="map1lc3b-ii"/>
<entry key="247" type="xstring" value="cocaine-tr"/>
<entry key="248" type="xstring" value="brain"/>
<entry key="249" type="xstring" value="untreat"/>
<entry key="250" type="xstring" value="anim"/>
<entry key="251" type="xstring" value="microglia"/>
<entry key="252" type="xstring" value="pretreat"/>
<entry key="253" type="xstring" value="factor"/>
<entry key="254" type="xstring" value="tnf"/>
<entry key="255" type="xstring" value="il1b"/>
<entry key="256" type="xstring" value="suggest"/>
<entry key="257" type="xstring" value="close"/>
<entry key="258" type="xstring" value="autophag"/>
<entry key="259" type="xstring" value="consid"/>
<entry key="260" type="xstring" value="cocaine-rel"/>
<entry key="261" type="xstring" value="diseas"/>
<entry key="262" type="xstring" value="transplant"/>
<entry key="263" type="xstring" value="response-1"/>
<entry key="264" type="xstring" value="ischemia-reperfus"/>
<entry key="265" type="xstring" value="injuri"/>
<entry key="266" type="xstring" value="lung"/>
<entry key="267" type="xstring" value="polymorphonuclear"/>
<entry key="268" type="xstring" value="neutrophil"/>
<entry key="269" type="xstring" value="egr-1"/>
<entry key="270" type="xstring" value="shown"/>
<entry key="271" type="xstring" value="trigger-switch"/>
<entry key="272" type="xstring" value="transcript"/>
<entry key="273" type="xstring" value="iri"/>
<entry key="274" type="xstring" value="perform"/>
<entry key="275" type="xstring" value="wild-typ"/>
<entry key="276" type="xstring" value="c57bl6"/>
<entry key="277" type="xstring" value="egr1-knockout"/>
<entry key="278" type="xstring" value="donor"/>
<entry key="279" type="xstring" value="recipi"/>
<entry key="280" type="xstring" value="combin"/>
<entry key="281" type="xstring" value="presenc"/>
<entry key="282" type="xstring" value="critic"/>
<entry key="283" type="xstring" value="pulmonari"/>
<entry key="284" type="xstring" value="graft"/>
<entry key="285" type="xstring" value="retriev"/>
<entry key="286" type="xstring" value="hour"/>
<entry key="287" type="xstring" value="ischemia"/>
<entry key="288" type="xstring" value="reperfus"/>
<entry key="289" type="xstring" value="analyz"/>
<entry key="290" type="xstring" value="arteri"/>
<entry key="291" type="xstring" value="blood"/>
<entry key="292" type="xstring" value="ga"/>
<entry key="293" type="xstring" value="histologi"/>
<entry key="294" type="xstring" value="egr1"/>
<entry key="295" type="xstring" value="deplet"/>
<entry key="296" type="xstring" value="pmn"/>
<entry key="297" type="xstring" value="delet"/>
<entry key="298" type="xstring" value="improv"/>
<entry key="299" type="xstring" value="polymeras"/>
<entry key="300" type="xstring" value="mcp1"/>
<entry key="301" type="xstring" value="mip2"/>
<entry key="302" type="xstring" value="icam1"/>
<entry key="303" type="xstring" value="cox2"/>
<entry key="304" type="xstring" value="immunohistochemistri"/>
<entry key="305" type="xstring" value="nuclei"/>
<entry key="306" type="xstring" value="endotheli"/>
<entry key="307" type="xstring" value="cytoplasm"/>
<entry key="308" type="xstring" value="reduct"/>
<entry key="309" type="xstring" value="correl"/>
<entry key="310" type="xstring" value="phenomenon"/>
<entry key="311" type="xstring" value="research"/>
<entry key="312" type="xstring" value="il6jak1stat3"/>
<entry key="313" type="xstring" value="blockad"/>
<entry key="314" type="xstring" value="endometri"/>
<entry key="315" type="xstring" value="affect"/>
<entry key="316" type="xstring" value="aldhhicd126-lik"/>
<entry key="317" type="xstring" value="compon"/>
<entry key="318" type="xstring" value="burden"/>
<entry key="319" type="xstring" value="stem-lik"/>
<entry key="320" type="xstring" value="csc"/>
<entry key="321" type="xstring" value="maintain"/>
<entry key="322" type="xstring" value="behavior"/>
<entry key="323" type="xstring" value="solid"/>
<entry key="324" type="xstring" value="hematopoiet"/>
<entry key="325" type="xstring" value="recent"/>
<entry key="326" type="xstring" value="patient"/>
<entry key="327" type="xstring" value="aldehyd"/>
<entry key="328" type="xstring" value="dehydrogenas"/>
<entry key="329" type="xstring" value="aldh"/>
<entry key="330" type="xstring" value="detoxifi"/>
<entry key="331" type="xstring" value="characterist"/>
<entry key="332" type="xstring" value="progenitor"/>
<entry key="333" type="xstring" value="stem"/>
<entry key="334" type="xstring" value="rel"/>
<entry key="335" type="xstring" value="surviv"/>
<entry key="336" type="xstring" value="low"/>
<entry key="337" type="xstring" value="evid"/>
<entry key="338" type="xstring" value="marker"/>
<entry key="339" type="xstring" value="hypothes"/>
<entry key="340" type="xstring" value="aldhhi"/>
<entry key="341" type="xstring" value="posit"/>
<entry key="342" type="xstring" value="progenitor-lik"/>
<entry key="343" type="xstring" value="set"/>
<entry key="344" type="xstring" value="support"/>
<entry key="345" type="xstring" value="hypothesi"/>
<entry key="346" type="xstring" value="emploi"/>
<entry key="347" type="xstring" value="enrich"/>
<entry key="348" type="xstring" value="line"/>
<entry key="349" type="xstring" value="illustr"/>
<entry key="350" type="xstring" value="tumor-initi"/>
<entry key="351" type="xstring" value="capac"/>
<entry key="352" type="xstring" value="aldhhicel"/>
<entry key="353" type="xstring" value="immune-defici"/>
<entry key="354" type="xstring" value="clonogen"/>
<entry key="355" type="xstring" value="organoid-form"/>
<entry key="356" type="xstring" value="aldhlocel"/>
<entry key="357" type="xstring" value="notabl"/>
<entry key="358" type="xstring" value="invers"/>
<entry key="359" type="xstring" value="differenti"/>
<entry key="360" type="xstring" value="grade"/>
<entry key="361" type="xstring" value="upregul"/>
<entry key="362" type="xstring" value="il-6"/>
<entry key="363" type="xstring" value="subunit"/>
<entry key="364" type="xstring" value="transduc"/>
<entry key="365" type="xstring" value="cd126"/>
<entry key="366" type="xstring" value="gp130"/>
<entry key="367" type="xstring" value="accordingli"/>
<entry key="368" type="xstring" value="downstream"/>
<entry key="369" type="xstring" value="effector"/>
<entry key="370" type="xstring" value="jak1"/>
<entry key="371" type="xstring" value="stat3"/>
<entry key="372" type="xstring" value="dramat"/>
<entry key="373" type="xstring" value="overal"/>
<entry key="374" type="xstring" value="preclin"/>
<entry key="375" type="xstring" value="rational"/>
<entry key="376" type="xstring" value="option"/>
<entry key="377" type="xstring" value="immunologi"/>
<entry key="378" type="xstring" value="biologi"/>
<entry key="379" type="xstring" value="interleukin-6"/>
<entry key="380" type="xstring" value="uterin"/>
<entry key="381" type="xstring" value="th9"/>
<entry key="382" type="xstring" value="cd8"/>
<entry key="383" type="xstring" value="acceler"/>
<entry key="384" type="xstring" value="parturit"/>
<entry key="385" type="xstring" value="time"/>
<entry key="386" type="xstring" value="birth"/>
<entry key="387" type="xstring" value="previous"/>
<entry key="388" type="xstring" value="genet"/>
<entry key="389" type="xstring" value="defici"/>
<entry key="390" type="xstring" value="delai"/>
<entry key="391" type="xstring" value="approxim"/>
<entry key="392" type="xstring" value="restor"/>
<entry key="393" type="xstring" value="administr"/>
<entry key="394" type="xstring" value="exogen"/>
<entry key="395" type="xstring" value="investig"/>
<entry key="396" type="xstring" value="influenc"/>
<entry key="397" type="xstring" value="decidu"/>
<entry key="398" type="xstring" value="maternal-fet"/>
<entry key="399" type="xstring" value="interfac"/>
<entry key="400" type="xstring" value="late"/>
<entry key="401" type="xstring" value="gestat"/>
<entry key="402" type="xstring" value="null"/>
<entry key="403" type="xstring" value="mutant"/>
<entry key="404" type="xstring" value="il6--"/>
<entry key="405" type="xstring" value="alter"/>
<entry key="406" type="xstring" value="profil"/>
<entry key="407" type="xstring" value="character"/>
<entry key="408" type="xstring" value="monocytemacrophag"/>
<entry key="409" type="xstring" value="f48"/>
<entry key="410" type="xstring" value="cd4"/>
<entry key="411" type="xstring" value="cd49b"/>
<entry key="412" type="xstring" value="dendrit"/>
<entry key="413" type="xstring" value="cd11c"/>
<entry key="414" type="xstring" value="ly6g"/>
<entry key="415" type="xstring" value="pregnanc"/>
<entry key="416" type="xstring" value="similar"/>
<entry key="417" type="xstring" value="differ"/>
<entry key="418" type="xstring" value="mid-gest"/>
<entry key="419" type="xstring" value="il6-regul"/>
<entry key="420" type="xstring" value="appear"/>
<entry key="421" type="xstring" value="secondari"/>
<entry key="422" type="xstring" value="local"/>
<entry key="423" type="xstring" value="recruit"/>
<entry key="424" type="xstring" value="peripher"/>
<entry key="425" type="xstring" value="administ"/>
<entry key="426" type="xstring" value="partial"/>
<entry key="427" type="xstring" value="observ"/>
<entry key="428" type="xstring" value="proport"/>
<entry key="429" type="xstring" value="cd25"/>
<entry key="430" type="xstring" value="foxp3"/>
<entry key="431" type="xstring" value="il9"/>
<entry key="432" type="xstring" value="il6-control"/>
<entry key="433" type="xstring" value="accumul"/>
<entry key="434" type="xstring" value="declin"/>
<entry key="435" type="xstring" value="instrument"/>
<entry key="436" type="xstring" value="accept"/>
<entry key="437" type="xstring" value="articl"/>
<entry key="438" type="xstring" value="preview"/>
<entry key="439" type="xstring" value="onlin"/>
<entry key="440" type="xstring" value="june"/>
<entry key="441" type="xstring" value="2015"/>
<entry key="442" type="xstring" value="doi101038icb201563"/>
<entry key="443" type="xstring" value="adam10"/>
<entry key="444" type="xstring" value="migrat"/>
<entry key="445" type="xstring" value="invas"/>
<entry key="446" type="xstring" value="fibroblast-lik"/>
<entry key="447" type="xstring" value="synoviocyt"/>
<entry key="448" type="xstring" value="rheumatoid"/>
<entry key="449" type="xstring" value="arthriti"/>
<entry key="450" type="xstring" value="system"/>
<entry key="451" type="xstring" value="autoimmun"/>
<entry key="452" type="xstring" value="morbid"/>
<entry key="453" type="xstring" value="mortal"/>
<entry key="454" type="xstring" value="previou"/>
<entry key="455" type="xstring" value="propos"/>
<entry key="456" type="xstring" value="disintegrin"/>
<entry key="457" type="xstring" value="metalloproteas"/>
<entry key="458" type="xstring" value="adam"/>
<entry key="459" type="xstring" value="famili"/>
<entry key="460" type="xstring" value="inflamm"/>
<entry key="461" type="xstring" value="interf"/>
<entry key="462" type="xstring" value="sirna"/>
<entry key="463" type="xstring" value="tnf‑α"/>
<entry key="464" type="xstring" value="il‑8"/>
<entry key="465" type="xstring" value="c-x-c"/>
<entry key="466" type="xstring" value="motif"/>
<entry key="467" type="xstring" value="ligand"/>
<entry key="468" type="xstring" value="cxcl16"/>
<entry key="469" type="xstring" value="fibroblast‑lik"/>
<entry key="470" type="xstring" value="fl"/>
<entry key="471" type="xstring" value="ra‑fl"/>
<entry key="472" type="xstring" value="efficaci"/>
<entry key="473" type="xstring" value="side‑effect"/>
<entry key="474" type="xstring" value="collagen‑induc"/>
<entry key="475" type="xstring" value="cia"/>
<entry key="476" type="xstring" value="silenc"/>
<entry key="477" type="xstring" value="suppress"/>
<entry key="478" type="xstring" value="lps‑stimul"/>
<entry key="479" type="xstring" value="lps‑induc"/>
<entry key="480" type="xstring" value="attenu"/>
<entry key="481" type="xstring" value="vascular"/>
<entry key="482" type="xstring" value="vegf‑a"/>
<entry key="483" type="xstring" value="matrix"/>
<entry key="484" type="xstring" value="metalloproteinas"/>
<entry key="485" type="xstring" value="mmp‑3"/>
<entry key="486" type="xstring" value="phosphoinositid"/>
<entry key="487" type="xstring" value="3‑kinaseakt"/>
<entry key="488" type="xstring" value="week"/>
<entry key="489" type="xstring" value="score"/>
<entry key="490" type="xstring" value="serum"/>
<entry key="491" type="xstring" value="mmp‑9"/>
<entry key="492" type="xstring" value="indic"/>
<entry key="493" type="xstring" value="viabl"/>
<entry key="494" type="xstring" value="lumican"/>
<entry key="495" type="xstring" value="exacerb"/>
<entry key="496" type="xstring" value="renal"/>
<entry key="497" type="xstring" value="aim"/>
<entry key="498" type="xstring" value="endotoxin-induc"/>
<entry key="499" type="xstring" value="acut"/>
<entry key="500" type="xstring" value="failur"/>
<entry key="501" type="xstring" value="arf"/>
<entry key="502" type="xstring" value="transgen"/>
<entry key="503" type="xstring" value="mgkg"/>
<entry key="504" type="xstring" value="establish"/>
<entry key="505" type="xstring" value="sacrif"/>
<entry key="506" type="xstring" value="sampl"/>
<entry key="507" type="xstring" value="collect"/>
<entry key="508" type="xstring" value="valu"/>
<entry key="509" type="xstring" value="creatinin"/>
<entry key="510" type="xstring" value="scr"/>
<entry key="511" type="xstring" value="urea"/>
<entry key="512" type="xstring" value="nitrogen"/>
<entry key="513" type="xstring" value="bun"/>
<entry key="514" type="xstring" value="measur"/>
<entry key="515" type="xstring" value="elisa"/>
<entry key="516" type="xstring" value="concentr"/>
<entry key="517" type="xstring" value="il‑4"/>
<entry key="518" type="xstring" value="il‑10"/>
<entry key="519" type="xstring" value="toll-lik"/>
<entry key="520" type="xstring" value="tlr4"/>
<entry key="521" type="xstring" value="nuclear"/>
<entry key="522" type="xstring" value="nfκ"/>
<entry key="523" type="xstring" value="termin"/>
<entry key="524" type="xstring" value="deoxynucleotidyl"/>
<entry key="525" type="xstring" value="transferase‑medi"/>
<entry key="526" type="xstring" value="dutp"/>
<entry key="527" type="xstring" value="nick"/>
<entry key="528" type="xstring" value="label"/>
<entry key="529" type="xstring" value="monitor"/>
<entry key="530" type="xstring" value="light"/>
<entry key="531" type="xstring" value="microscopi"/>
<entry key="532" type="xstring" value="electron"/>
<entry key="533" type="xstring" value="structur"/>
<entry key="534" type="xstring" value="nfκb"/>
<entry key="535" type="xstring" value="detect"/>
<entry key="536" type="xstring" value="predominantli"/>
<entry key="537" type="xstring" value="tubul"/>
<entry key="538" type="xstring" value="optic"/>
<entry key="539" type="xstring" value="densiti"/>
<entry key="540" type="xstring" value="apoptot"/>
<entry key="541" type="xstring" value="bodi"/>
<entry key="542" type="xstring" value="sever"/>
<entry key="543" type="xstring" value="caus"/>
<entry key="544" type="xstring" value="excess"/>
<entry key="545" type="xstring" value="tubular"/>
<entry key="546" type="xstring" value="via"/>
<entry key="547" type="xstring" value="natur"/>
<entry key="548" type="xstring" value="mtor"/>
<entry key="549" type="xstring" value="pro-tumorigen"/>
<entry key="550" type="xstring" value="senescence-associ"/>
<entry key="551" type="xstring" value="secretori"/>
<entry key="552" type="xstring" value="il1a"/>
<entry key="553" type="xstring" value="translat"/>
<entry key="554" type="xstring" value="tor"/>
<entry key="555" type="xstring" value="rapamycin"/>
<entry key="556" type="xstring" value="kinas"/>
<entry key="557" type="xstring" value="limit"/>
<entry key="558" type="xstring" value="longev"/>
<entry key="559" type="xstring" value="poorli"/>
<entry key="560" type="xstring" value="understood"/>
<entry key="561" type="xstring" value="mechan"/>
<entry key="562" type="xstring" value="mammalian"/>
<entry key="563" type="xstring" value="torc1"/>
<entry key="564" type="xstring" value="complex"/>
<entry key="565" type="xstring" value="extend"/>
<entry key="566" type="xstring" value="lifespan"/>
<entry key="567" type="xstring" value="divers"/>
<entry key="568" type="xstring" value="speci"/>
<entry key="569" type="xstring" value="select"/>
<entry key="570" type="xstring" value="blunt"/>
<entry key="571" type="xstring" value="pro-inflammatori"/>
<entry key="572" type="xstring" value="senesc"/>
<entry key="573" type="xstring" value="cellular"/>
<entry key="574" type="xstring" value="prevent"/>
<entry key="575" type="xstring" value="ag"/>
<entry key="576" type="xstring" value="sasp"/>
<entry key="577" type="xstring" value="disrupt"/>
<entry key="578" type="xstring" value="age-rel"/>
<entry key="579" type="xstring" value="pathologi"/>
<entry key="580" type="xstring" value="mrna"/>
<entry key="581" type="xstring" value="membrane-bound"/>
<entry key="582" type="xstring" value="diminish"/>
<entry key="583" type="xstring" value="nf-κb"/>
<entry key="584" type="xstring" value="rapamycin-tr"/>
<entry key="585" type="xstring" value="importantli"/>
<entry key="586" type="xstring" value="fibroblast"/>
<entry key="587" type="xstring" value="stimul"/>
<entry key="588" type="xstring" value="prostat"/>
<entry key="589" type="xstring" value="late-lif"/>
<entry key="590" type="xstring" value="gastroenterologi"/>
<entry key="591" type="xstring" value="microrna214"/>
<entry key="592" type="xstring" value="ulcer"/>
<entry key="593" type="xstring" value="coliti"/>
<entry key="594" type="xstring" value="develop"/>
<entry key="595" type="xstring" value="colitis-associ"/>
<entry key="596" type="xstring" value="persist"/>
<entry key="597" type="xstring" value="bowel"/>
<entry key="598" type="xstring" value="risk"/>
<entry key="599" type="xstring" value="colorect"/>
<entry key="600" type="xstring" value="identifi"/>
<entry key="601" type="xstring" value="microrna"/>
<entry key="602" type="xstring" value="colon"/>
<entry key="603" type="xstring" value="cac"/>
<entry key="604" type="xstring" value="quantititav"/>
<entry key="605" type="xstring" value="pcr"/>
<entry key="606" type="xstring" value="401"/>
<entry key="607" type="xstring" value="specimen"/>
<entry key="608" type="xstring" value="crohn"/>
<entry key="609" type="xstring" value="irrit"/>
<entry key="610" type="xstring" value="syndrom"/>
<entry key="611" type="xstring" value="sporad"/>
<entry key="612" type="xstring" value="disord"/>
<entry key="613" type="xstring" value="clinic"/>
<entry key="614" type="xstring" value="featur"/>
<entry key="615" type="xstring" value="dextran"/>
<entry key="616" type="xstring" value="sodium"/>
<entry key="617" type="xstring" value="sulfat"/>
<entry key="618" type="xstring" value="dss"/>
<entry key="619" type="xstring" value="carcinogenesi"/>
<entry key="620" type="xstring" value="azoxymethan"/>
<entry key="621" type="xstring" value="mir214"/>
<entry key="622" type="xstring" value="high-throughput"/>
<entry key="623" type="xstring" value="screen"/>
<entry key="624" type="xstring" value="micrornaom"/>
<entry key="625" type="xstring" value="found"/>
<entry key="626" type="xstring" value="bioinformat"/>
<entry key="627" type="xstring" value="genome-wid"/>
<entry key="628" type="xstring" value="analys"/>
<entry key="629" type="xstring" value="amplifi"/>
<entry key="630" type="xstring" value="feedback"/>
<entry key="631" type="xstring" value="loop"/>
<entry key="632" type="xstring" value="circuit"/>
<entry key="633" type="xstring" value="phosphatas"/>
<entry key="634" type="xstring" value="tensin"/>
<entry key="635" type="xstring" value="homolog"/>
<entry key="636" type="xstring" value="pten"/>
<entry key="637" type="xstring" value="pdz"/>
<entry key="638" type="xstring" value="lim"/>
<entry key="639" type="xstring" value="domain"/>
<entry key="640" type="xstring" value="pdlim2"/>
<entry key="641" type="xstring" value="stat3-medi"/>
<entry key="642" type="xstring" value="chemic"/>
<entry key="643" type="xstring" value="dss-induc"/>
<entry key="644" type="xstring" value="size"/>
<entry key="645" type="xstring" value="fresh"/>
<entry key="646" type="xstring" value="phosphoryl"/>
<entry key="647" type="xstring" value="akt"/>
<entry key="648" type="xstring" value="microenvironment"/>
<entry key="649" type="xstring" value="leukemia"/>
<entry key="650" type="xstring" value="mir-1719a"/>
<entry key="651" type="xstring" value="tlr"/>
<entry key="652" type="xstring" value="microenviron"/>
<entry key="653" type="xstring" value="despit"/>
<entry key="654" type="xstring" value="import"/>
<entry key="655" type="xstring" value="address"/>
<entry key="656" type="xstring" value="tlr7-respons"/>
<entry key="657" type="xstring" value="chronic"/>
<entry key="658" type="xstring" value="lymphocyt"/>
<entry key="659" type="xstring" value="cll"/>
<entry key="660" type="xstring" value="absenc"/>
<entry key="661" type="xstring" value="stromal"/>
<entry key="662" type="xstring" value="cell-lin"/>
<entry key="663" type="xstring" value="deriv"/>
<entry key="664" type="xstring" value="leukem"/>
<entry key="665" type="xstring" value="spleen"/>
<entry key="666" type="xstring" value="produc"/>
<entry key="667" type="xstring" value="tnf-alpha"/>
<entry key="668" type="xstring" value="tlr7-agonist"/>
<entry key="669" type="xstring" value="stat3-activ"/>
<entry key="670" type="xstring" value="up-regul"/>
<entry key="671" type="xstring" value="mir-17"/>
<entry key="672" type="xstring" value="mir-19a"/>
<entry key="673" type="xstring" value="tlr7"/>
<entry key="674" type="xstring" value="tnfa"/>
<entry key="675" type="xstring" value="toler"/>
<entry key="676" type="xstring" value="mir-17-92"/>
<entry key="677" type="xstring" value="cluster"/>
<entry key="678" type="xstring" value="directli"/>
<entry key="679" type="xstring" value="antagomir"/>
<entry key="680" type="xstring" value="tlr7-signal"/>
<entry key="681" type="xstring" value="il6-sign"/>
<entry key="682" type="xstring" value="antibodi"/>
<entry key="683" type="xstring" value="small-molecul"/>
<entry key="684" type="xstring" value="janu"/>
<entry key="685" type="xstring" value="jak"/>
<entry key="686" type="xstring" value="tlr7-stimul"/>
<entry key="687" type="xstring" value="nod-scidγc"/>
<entry key="688" type="xstring" value="act"/>
<entry key="689" type="xstring" value="suppressor"/>
<entry key="690" type="xstring" value="tlr-signal"/>
<entry key="691" type="xstring" value="therapi"/>
<entry key="692" type="xstring" value="method"/>
<entry key="693" type="xstring" value="murin"/>
<entry key="694" type="xstring" value="bone"/>
<entry key="695" type="xstring" value="marrow-deriv"/>
<entry key="696" type="xstring" value="light-helper-depend"/>
<entry key="697" type="xstring" value="herp"/>
<entry key="698" type="xstring" value="simplex"/>
<entry key="699" type="xstring" value="virus-1"/>
<entry key="700" type="xstring" value="amplicon"/>
<entry key="701" type="xstring" value="vector"/>
<entry key="702" type="xstring" value="acquir"/>
<entry key="703" type="xstring" value="matur"/>
<entry key="704" type="xstring" value="dc"/>
<entry key="705" type="xstring" value="potent"/>
<entry key="706" type="xstring" value="antigen-pres"/>
<entry key="707" type="xstring" value="transform"/>
<entry key="708" type="xstring" value="process"/>
<entry key="709" type="xstring" value="hsv-1"/>
<entry key="710" type="xstring" value="repres"/>
<entry key="711" type="xstring" value="highli"/>
<entry key="712" type="xstring" value="versatil"/>
<entry key="713" type="xstring" value="viral"/>
<entry key="714" type="xstring" value="platform"/>
<entry key="715" type="xstring" value="immatur"/>
<entry key="716" type="xstring" value="exceedingli"/>
<entry key="717" type="xstring" value="effici"/>
<entry key="718" type="xstring" value="bacteri"/>
<entry key="719" type="xstring" value="artifici"/>
<entry key="720" type="xstring" value="chromosom"/>
<entry key="721" type="xstring" value="bac-depend"/>
<entry key="722" type="xstring" value="test"/>
<entry key="723" type="xstring" value="bmdc"/>
<entry key="724" type="xstring" value="lhd"/>
<entry key="725" type="xstring" value="replication-defect"/>
<entry key="726" type="xstring" value="lalδj"/>
<entry key="727" type="xstring" value="helper"/>
<entry key="728" type="xstring" value="viru"/>
<entry key="729" type="xstring" value="equal"/>
<entry key="730" type="xstring" value="percentag"/>
<entry key="731" type="xstring" value="durat"/>
<entry key="732" type="xstring" value="neg"/>
<entry key="733" type="xstring" value="interferon-stimul"/>
<entry key="734" type="xstring" value="proinflammatori"/>
<entry key="735" type="xstring" value="comparison"/>
<entry key="736" type="xstring" value="ifit1"/>
<entry key="737" type="xstring" value="ifit3"/>
<entry key="738" type="xstring" value="mx2"/>
<entry key="739" type="xstring" value="isg15"/>
<entry key="740" type="xstring" value="il10"/>
<entry key="741" type="xstring" value="il12b"/>
<entry key="742" type="xstring" value="cxcl1"/>
<entry key="743" type="xstring" value="trap"/>
<entry key="744" type="xstring" value="vessel"/>
<entry key="745" type="xstring" value="compromis"/>
<entry key="746" type="xstring" value="organ"/>
<entry key="747" type="xstring" value="tumor-bear"/>
<entry key="748" type="xstring" value="varieti"/>
<entry key="749" type="xstring" value="collater"/>
<entry key="750" type="xstring" value="beyond"/>
<entry key="751" type="xstring" value="threat"/>
<entry key="752" type="xstring" value="distal"/>
<entry key="753" type="xstring" value="basi"/>
<entry key="754" type="xstring" value="heart"/>
<entry key="755" type="xstring" value="kidnei"/>
<entry key="756" type="xstring" value="impair"/>
<entry key="757" type="xstring" value="rip1-tag2"/>
<entry key="758" type="xstring" value="insulinoma"/>
<entry key="759" type="xstring" value="mmtv-pymt"/>
<entry key="760" type="xstring" value="breast"/>
<entry key="761" type="xstring" value="anti-gr1"/>
<entry key="762" type="xstring" value="perfus"/>
<entry key="763" type="xstring" value="leakag"/>
<entry key="764" type="xstring" value="platelet-neutrophil"/>
<entry key="765" type="xstring" value="signatur"/>
<entry key="766" type="xstring" value="net"/>
<entry key="767" type="xstring" value="complet"/>
<entry key="768" type="xstring" value="absent"/>
<entry key="769" type="xstring" value="healthi"/>
<entry key="770" type="xstring" value="nontumor-bear"/>
<entry key="771" type="xstring" value="litterm"/>
<entry key="772" type="xstring" value="vasculatur"/>
<entry key="773" type="xstring" value="adhes"/>
<entry key="774" type="xstring" value="molecul"/>
<entry key="775" type="xstring" value="icam-1"/>
<entry key="776" type="xstring" value="vcam-1"/>
<entry key="777" type="xstring" value="e-selectin"/>
<entry key="778" type="xstring" value="dnase"/>
<entry key="779" type="xstring" value="dissolv"/>
<entry key="780" type="xstring" value="dna"/>
<entry key="781" type="xstring" value="content"/>
<entry key="782" type="xstring" value="seen"/>
<entry key="783" type="xstring" value="strongli"/>
<entry key="784" type="xstring" value="heighten"/>
<entry key="785" type="xstring" value="site"/>
<entry key="786" type="xstring" value="re"/>
<entry key="787" type="xstring" value="2653-62"/>
<entry key="788" type="xstring" value="©2015"/>
<entry key="789" type="xstring" value="aacr"/>
<entry key="790" type="xstring" value="optineurin"/>
<entry key="791" type="xstring" value="bacteria"/>
<entry key="792" type="xstring" value="driven"/>
<entry key="793" type="xstring" value="clearanc"/>
<entry key="794" type="xstring" value="macrophag"/>
<entry key="795" type="xstring" value="transcriptom"/>
<entry key="796" type="xstring" value="subgroup"/>
<entry key="797" type="xstring" value="optn"/>
<entry key="798" type="xstring" value="clarifi"/>
<entry key="799" type="xstring" value="periton"/>
<entry key="800" type="xstring" value="zebrafish"/>
<entry key="801" type="xstring" value="salmonella"/>
<entry key="802" type="xstring" value="bone-marrow"/>
<entry key="803" type="xstring" value="bmdm"/>
<entry key="804" type="xstring" value="heat-kil"/>
<entry key="805" type="xstring" value="coli"/>
<entry key="806" type="xstring" value="normalis"/>
<entry key="807" type="xstring" value="lysosom"/>
<entry key="808" type="xstring" value="mistraffick"/>
<entry key="809" type="xstring" value="bafilomycin"/>
<entry key="810" type="xstring" value="depend"/>
<entry key="811" type="xstring" value="suscept"/>
<entry key="812" type="xstring" value="citrobact"/>
<entry key="813" type="xstring" value="potenti"/>
<entry key="814" type="xstring" value="defect"/>
<entry key="815" type="xstring" value="anticanc"/>
<entry key="816" type="xstring" value="protect"/>
<entry key="817" type="xstring" value="leuprorelin"/>
<entry key="818" type="xstring" value="radiation-induc"/>
<entry key="819" type="xstring" value="intestin"/>
<entry key="820" type="xstring" value="toxic"/>
<entry key="821" type="xstring" value="neoadjuv"/>
<entry key="822" type="xstring" value="androgen"/>
<entry key="823" type="xstring" value="ablat"/>
<entry key="824" type="xstring" value="due"/>
<entry key="825" type="xstring" value="expos"/>
<entry key="826" type="xstring" value="radiat"/>
<entry key="827" type="xstring" value="evalu"/>
<entry key="828" type="xstring" value="anti-androgen"/>
<entry key="829" type="xstring" value="drug"/>
<entry key="830" type="xstring" value="exert"/>
<entry key="831" type="xstring" value="irradi"/>
<entry key="832" type="xstring" value="femal"/>
<entry key="833" type="xstring" value="intact"/>
<entry key="834" type="xstring" value="castrat"/>
<entry key="835" type="xstring" value="male"/>
<entry key="836" type="xstring" value="c57bl6j"/>
<entry key="837" type="xstring" value="underw"/>
<entry key="838" type="xstring" value="12-gy"/>
<entry key="839" type="xstring" value="total"/>
<entry key="840" type="xstring" value="three-month"/>
<entry key="841" type="xstring" value="0054"/>
<entry key="842" type="xstring" value="mgkgmonth"/>
<entry key="843" type="xstring" value="pre-treat"/>
<entry key="844" type="xstring" value="24-72"/>
<entry key="845" type="xstring" value="segment"/>
<entry key="846" type="xstring" value="histolog"/>
<entry key="847" type="xstring" value="jejun"/>
<entry key="848" type="xstring" value="regener"/>
<entry key="849" type="xstring" value="crypt"/>
<entry key="850" type="xstring" value="nitrotyrosin"/>
<entry key="851" type="xstring" value="immunoreact"/>
<entry key="852" type="xstring" value="metallo-proteinase-2"/>
<entry key="853" type="xstring" value="mmp2"/>
<entry key="854" type="xstring" value="-13"/>
<entry key="855" type="xstring" value="collagen"/>
<entry key="856" type="xstring" value="factor-beta"/>
<entry key="857" type="xstring" value="tgfb"/>
<entry key="858" type="xstring" value="p53"/>
<entry key="859" type="xstring" value="b-cell"/>
<entry key="860" type="xstring" value="lymphoma"/>
<entry key="861" type="xstring" value="bcl2-associ"/>
<entry key="862" type="xstring" value="bax"/>
<entry key="863" type="xstring" value="factor-kappa"/>
<entry key="864" type="xstring" value="tgfβ"/>
<entry key="865" type="xstring" value="hamper"/>
<entry key="866" type="xstring" value="bcl2"/>
<entry key="867" type="xstring" value="down-regul"/>
<entry key="868" type="xstring" value="oxid"/>
<entry key="869" type="xstring" value="biolog"/>
<entry key="870" type="xstring" value="interpret"/>
<entry key="871" type="xstring" value="undergo"/>
<entry key="872" type="xstring" value="rhein"/>
<entry key="873" type="xstring" value="sepsi"/>
<entry key="874" type="xstring" value="factor-κb"/>
<entry key="875" type="xstring" value="lipophil"/>
<entry key="876" type="xstring" value="anthraquinon"/>
<entry key="877" type="xstring" value="isol"/>
<entry key="878" type="xstring" value="rheum"/>
<entry key="879" type="xstring" value="rhabarbarum"/>
<entry key="880" type="xstring" value="rhubarb"/>
<entry key="881" type="xstring" value="damag"/>
<entry key="882" type="xstring" value="underli"/>
<entry key="883" type="xstring" value="elucid"/>
<entry key="884" type="xstring" value="prior"/>
<entry key="885" type="xstring" value="100"/>
<entry key="886" type="xstring" value="toll‑lik"/>
<entry key="887" type="xstring" value="tak‑242"/>
<entry key="888" type="xstring" value="rhein‑treat"/>
<entry key="889" type="xstring" value="length"/>
<entry key="890" type="xstring" value="il‑1β"/>
<entry key="891" type="xstring" value="plasma"/>
<entry key="892" type="xstring" value="abl"/>
<entry key="893" type="xstring" value="factor‑κb"/>
<entry key="894" type="xstring" value="nf‑κb"/>
<entry key="895" type="xstring" value="furthermor"/>
<entry key="896" type="xstring" value="rhein‑attenu"/>
<entry key="897" type="xstring" value="achiev"/>
<entry key="898" type="xstring" value="insight"/>
<entry key="899" type="xstring" value="benefici"/>
<entry key="900" type="xstring" value="agent"/>
<entry key="901" type="xstring" value="sepsis-induc"/>
<entry key="902" type="xstring" value="bmc"/>
<entry key="903" type="xstring" value="complementari"/>
<entry key="904" type="xstring" value="altern"/>
<entry key="905" type="xstring" value="pancreat"/>
<entry key="906" type="xstring" value="l-lysin"/>
<entry key="907" type="xstring" value="diagnost"/>
<entry key="908" type="xstring" value="endoscopi"/>
<entry key="909" type="xstring" value="l-arginin"/>
<entry key="910" type="xstring" value="ii-iv"/>
<entry key="911" type="xstring" value="intraperiton"/>
<entry key="912" type="xstring" value="hydrochlorid"/>
<entry key="913" type="xstring" value="400"/>
<entry key="914" type="xstring" value="weight"/>
<entry key="915" type="xstring" value="dai"/>
<entry key="916" type="xstring" value="iii"/>
<entry key="917" type="xstring" value="oral"/>
<entry key="918" type="xstring" value="wherea"/>
<entry key="919" type="xstring" value="post-treat"/>
<entry key="920" type="xstring" value="amylas"/>
<entry key="921" type="xstring" value="lipas"/>
<entry key="922" type="xstring" value="transaminas"/>
<entry key="923" type="xstring" value="pancrea"/>
<entry key="924" type="xstring" value="excis"/>
<entry key="925" type="xstring" value="malondialdehyd"/>
<entry key="926" type="xstring" value="nitric"/>
<entry key="927" type="xstring" value="catalas"/>
<entry key="928" type="xstring" value="superoxid"/>
<entry key="929" type="xstring" value="dismutas"/>
<entry key="930" type="xstring" value="glutathion"/>
<entry key="931" type="xstring" value="peroxidas"/>
<entry key="932" type="xstring" value="pre"/>
<entry key="933" type="xstring" value="led"/>
<entry key="934" type="xstring" value="enhanc"/>
<entry key="935" type="xstring" value="antioxid"/>
<entry key="936" type="xstring" value="0001"/>
<entry key="937" type="xstring" value="anti-inflammatori"/>
<entry key="938" type="xstring" value="subsequ"/>
<entry key="939" type="xstring" value="downregul"/>
<entry key="940" type="xstring" value="oncotarget"/>
<entry key="941" type="xstring" value="mutyh"/>
<entry key="942" type="xstring" value="base"/>
<entry key="943" type="xstring" value="repair"/>
<entry key="944" type="xstring" value="glycosylas"/>
<entry key="945" type="xstring" value="remov"/>
<entry key="946" type="xstring" value="mismatch"/>
<entry key="947" type="xstring" value="adenin"/>
<entry key="948" type="xstring" value="opposit"/>
<entry key="949" type="xstring" value="8-dihydro-8-oxoguanin"/>
<entry key="950" type="xstring" value="8-oxog"/>
<entry key="951" type="xstring" value="major"/>
<entry key="952" type="xstring" value="mutagen"/>
<entry key="953" type="xstring" value="lesion"/>
<entry key="954" type="xstring" value="biallel"/>
<entry key="955" type="xstring" value="mutat"/>
<entry key="956" type="xstring" value="mutyh-associ"/>
<entry key="957" type="xstring" value="polyposi"/>
<entry key="958" type="xstring" value="map"/>
<entry key="959" type="xstring" value="crc"/>
<entry key="960" type="xstring" value="inactiv"/>
<entry key="961" type="xstring" value="inflammation-depend"/>
<entry key="962" type="xstring" value="aom"/>
<entry key="963" type="xstring" value="sulphat"/>
<entry key="964" type="xstring" value="mutyh--"/>
<entry key="965" type="xstring" value="sensit"/>
<entry key="966" type="xstring" value="aomdss"/>
<entry key="967" type="xstring" value="gastrointestin"/>
<entry key="968" type="xstring" value="tract"/>
<entry key="969" type="xstring" value="aomdss-induc"/>
<entry key="970" type="xstring" value="adenoma"/>
<entry key="971" type="xstring" value="numer"/>
<entry key="972" type="xstring" value="frequent"/>
<entry key="973" type="xstring" value="tubulo-vil"/>
<entry key="974" type="xstring" value="high-grad"/>
<entry key="975" type="xstring" value="dysplasia"/>
<entry key="976" type="xstring" value="larger"/>
<entry key="977" type="xstring" value="condit"/>
<entry key="978" type="xstring" value="propens"/>
<entry key="979" type="xstring" value="adenocarcinoma"/>
<entry key="980" type="xstring" value="basal"/>
<entry key="981" type="xstring" value="gm-csf"/>
<entry key="982" type="xstring" value="ifnγ"/>
<entry key="983" type="xstring" value="circul"/>
<entry key="984" type="xstring" value="myeloid-deriv"/>
<entry key="985" type="xstring" value="mdsc"/>
<entry key="986" type="xstring" value="granulocyt"/>
<entry key="987" type="xstring" value="strong"/>
<entry key="988" type="xstring" value="tgf-β-latency-associ"/>
<entry key="989" type="xstring" value="peptid"/>
<entry key="990" type="xstring" value="loss"/>
<entry key="991" type="xstring" value="immunosuppress"/>
<entry key="992" type="xstring" value="initiationpromot"/>
<entry key="993" type="xstring" value="protocol"/>
<entry key="994" type="xstring" value="endocrinologi"/>
<entry key="995" type="xstring" value="essenti"/>
<entry key="996" type="xstring" value="on-tim"/>
<entry key="997" type="xstring" value="perinat"/>
<entry key="998" type="xstring" value="physiolog"/>
<entry key="999" type="xstring" value="initi"/>
<entry key="1000" type="xstring" value="undefin"/>
<entry key="1001" type="xstring" value="hypothesis"/>
<entry key="1002" type="xstring" value="labor"/>
<entry key="1003" type="xstring" value="requir"/>
<entry key="1004" type="xstring" value="trigger"/>
<entry key="1005" type="xstring" value="cascad"/>
<entry key="1006" type="xstring" value="pregnant"/>
<entry key="1007" type="xstring" value="tlr4-defici"/>
<entry key="1008" type="xstring" value="tlr4--"/>
<entry key="1009" type="xstring" value="averag"/>
<entry key="1010" type="xstring" value="quantif"/>
<entry key="1011" type="xstring" value="placenta"/>
<entry key="1012" type="xstring" value="fetal"/>
<entry key="1013" type="xstring" value="membran"/>
<entry key="1014" type="xstring" value="transient"/>
<entry key="1015" type="xstring" value="prostaglandin"/>
<entry key="1016" type="xstring" value="oxytocin"/>
<entry key="1017" type="xstring" value="connexin-43"/>
<entry key="1018" type="xstring" value="popul"/>
<entry key="1019" type="xstring" value="fewer"/>
<entry key="1020" type="xstring" value="myometrium"/>
<entry key="1021" type="xstring" value="antagonist"/>
<entry key="1022" type="xstring" value="-naloxon"/>
<entry key="1023" type="xstring" value="mean"/>
<entry key="1024" type="xstring" value="kei"/>
<entry key="1025" type="xstring" value="causal"/>
<entry key="1026" type="xstring" value="term"/>
<entry key="1027" type="xstring" value="preterm"/>
<entry key="1028" type="xstring" value="labour"/>
<entry key="1029" type="xstring" value="converg"/>
<entry key="1030" type="xstring" value="intervent"/>
<entry key="1031" type="xstring" value="manipul"/>
<entry key="1032" type="xstring" value="util"/>
<entry key="1033" type="xstring" value="women"/>
<entry key="1034" type="xstring" value="post-term"/>
<entry key="1035" type="xstring" value="journal"/>
<entry key="1036" type="xstring" value="neurosci"/>
<entry key="1037" type="xstring" value="offici"/>
<entry key="1038" type="xstring" value="societi"/>
<entry key="1039" type="xstring" value="mir-155"/>
<entry key="1040" type="xstring" value="inflammation-induc"/>
<entry key="1041" type="xstring" value="hippocamp"/>
<entry key="1042" type="xstring" value="neurogen"/>
<entry key="1043" type="xstring" value="dysfunct"/>
<entry key="1044" type="xstring" value="cn"/>
<entry key="1045" type="xstring" value="aberr"/>
<entry key="1046" type="xstring" value="development"/>
<entry key="1047" type="xstring" value="postnat"/>
<entry key="1048" type="xstring" value="neurogenesi"/>
<entry key="1049" type="xstring" value="littl"/>
<entry key="1050" type="xstring" value="abnorm"/>
<entry key="1051" type="xstring" value="mir"/>
<entry key="1052" type="xstring" value="robust"/>
<entry key="1053" type="xstring" value="lps-stimul"/>
<entry key="1054" type="xstring" value="astrogliogenesi"/>
<entry key="1055" type="xstring" value="cocultur"/>
<entry key="1056" type="xstring" value="neural"/>
<entry key="1057" type="xstring" value="nsc"/>
<entry key="1058" type="xstring" value="knock-out"/>
<entry key="1059" type="xstring" value="deficit"/>
<entry key="1060" type="xstring" value="moreov"/>
<entry key="1061" type="xstring" value="elev"/>
<entry key="1062" type="xstring" value="nestin-posit"/>
<entry key="1063" type="xstring" value="ectop"/>
<entry key="1064" type="xstring" value="doublecortin-posit"/>
<entry key="1065" type="xstring" value="neuron"/>
<entry key="1066" type="xstring" value="radial"/>
<entry key="1067" type="xstring" value="glia-lik"/>
<entry key="1068" type="xstring" value="dentat"/>
<entry key="1069" type="xstring" value="gyru"/>
<entry key="1070" type="xstring" value="granular"/>
<entry key="1071" type="xstring" value="layer"/>
<entry key="1072" type="xstring" value="prolif"/>
<entry key="1073" type="xstring" value="amoeboid"/>
<entry key="1074" type="xstring" value="morphologi"/>
<entry key="1075" type="xstring" value="suffici"/>
</config>
<config key="target">
<entry key="array-size" type="xint" value="0"/>
</config>
</config>
