<?xml version="1.0" encoding="UTF-8"?>
<config xmlns="http://www.knime.org/2008/09/XMLConfig" xmlns:xsi="http://www.w3.org/2001/XMLSchema-instance" xsi:schemaLocation="http://www.knime.org/2008/09/XMLConfig http://www.knime.org/XMLConfig_2008_09.xsd" key="model.xml">
<entry key="version" type="xint" value="1"/>
<entry key="class_name" type="xstring" value="org.knime.twitter.api.data.TwitterApiConnectionPortObjectSpec"/>
<config key="model">
<entry key="consumerKey" type="xstring" value="hPLUuav96UO6NCiVOyUszF0zw"/>
<entry key="consumerSecret" type="xstring" value="KB2cFaQq50Tlf89Qwn8onGQzPa6xwOPuhrs0hmgVwygZGxAzBU"/>
<entry key="accessToken" type="xstring" value="1275199292-Pv6r6tipm9pfO39UKJdKHdsoQyjUX5Xu06R3LH0"/>
<entry key="accessTokenSecret" type="xstring" value="pIKrsXcm3qZPmjeATgUraiXsT4MtMtKEz4SJwmXHAKKpF"/>
</config>
</config>
